∂‡√ΩÃÂ≈‰÷√_÷–øÿ∆¡ƒª≥ﬂ¥Á_åç–ƒ,∂‡√ΩÃÂ≈‰÷√_÷–øÿ∆¡ƒª≥ﬂ¥Á_ø’–ƒ,∂‡√ΩÃÂ≈‰÷√_÷–øÿ∆¡ƒª≥ﬂ¥Á
9.2”¢¥Á,,°Ò9.2”¢¥Á
9.2”¢¥Á,,°Ò9.2”¢¥Á
12”¢¥Á,,°Ò12”¢¥Á
12”¢¥Á,,°Ò12”¢¥Á
12”¢¥Á,,°Ò12”¢¥Á
12”¢¥Á,,°Ò12”¢¥Á
12”¢¥Á,,°Ò12”¢¥Á
12”¢¥Á,,°Ò12”¢¥Á
12”¢¥Á,,°Ò12”¢¥Á
12”¢¥Á,,°Ò12”¢¥Á
12”¢¥Á,,°Ò12”¢¥Á
12”¢¥Á,,°Ò12”¢¥Á
12”¢¥Á,,°Ò12”¢¥Á
12”¢¥Á,,°Ò12”¢¥Á
12”¢¥Á,,°Ò12”¢¥Á
12”¢¥Á,,°Ò12”¢¥Á
12”¢¥Á,,°Ò12”¢¥Á
12”¢¥Á,,°Ò12”¢¥Á
12”¢¥Á,,°Ò12”¢¥Á
12”¢¥Á,,°Ò12”¢¥Á
12”¢¥Á,,°Ò12”¢¥Á
12”¢¥Á,,°Ò12”¢¥Á
12”¢¥Á,,°Ò12”¢¥Á
12”¢¥Á,,°Ò12”¢¥Á
12”¢¥Á,,°Ò12”¢¥Á
12”¢¥Á,,°Ò12”¢¥Á
12”¢¥Á,,°Ò12”¢¥Á
12”¢¥Á,,°Ò12”¢¥Á
12”¢¥Á,,°Ò12”¢¥Á
12”¢¥Á,,°Ò12”¢¥Á
12”¢¥Á,,°Ò12”¢¥Á
12”¢¥Á,,°Ò12”¢¥Á
12”¢¥Á,,°Ò12”¢¥Á
8”¢¥Á”¢¥Á,9.2”¢¥Á9.2”¢¥Á,°Ò8”¢¥Á°9.2”¢¥Á
0None”¢¥Á,,0
8”¢¥Á,,°Ò8”¢¥Á
8”¢¥Á,,°Ò8”¢¥Á
8”¢¥Á”¢¥Á,9.2”¢¥Á9.2”¢¥Á,°Ò8”¢¥Á°9.2”¢¥Á
8”¢¥Á”¢¥Á,9.2”¢¥Á9.2”¢¥Á,°Ò8”¢¥Á°9.2”¢¥Á
8”¢¥Á”¢¥Á,9.2”¢¥Á9.2”¢¥Á,°Ò8”¢¥Á°9.2”¢¥Á
9.2”¢¥Á,,°Ò9.2”¢¥Á
9.2”¢¥Á,,°Ò9.2”¢¥Á
0None”¢¥Á,,0
0None”¢¥Á,,0
0None”¢¥Á,,0
9.2”¢¥Á,,°Ò9.2”¢¥Á
9.2”¢¥Á,,°Ò9.2”¢¥Á
9.2”¢¥Á,,°Ò9.2”¢¥Á
9.2”¢¥Á,,°Ò9.2”¢¥Á
9.2”¢¥Á,,°Ò9.2”¢¥Á
9.2”¢¥Á,,°Ò9.2”¢¥Á
10”¢¥Á,,°Ò10”¢¥Á
10”¢¥Á,,°Ò10”¢¥Á
12”¢¥Á,,°Ò12”¢¥Á
12”¢¥Á,,°Ò12”¢¥Á
0None”¢¥Á,,0
10”¢¥Á,,°Ò10”¢¥Á
10”¢¥Á,,°Ò10”¢¥Á
10”¢¥Á,,°Ò10”¢¥Á
10”¢¥Á,,°Ò10”¢¥Á
10”¢¥Á,,°Ò10”¢¥Á
12”¢¥Á,,°Ò12”¢¥Á
12”¢¥Á,,°Ò12”¢¥Á
12”¢¥Á,,°Ò12”¢¥Á
12”¢¥Á,,°Ò12”¢¥Á
8”¢¥Á,,°Ò8”¢¥Á
8”¢¥Á,,°Ò8”¢¥Á
8”¢¥Á,,°Ò8”¢¥Á
8”¢¥Á”¢¥Á,12”¢¥Á12”¢¥Á,°Ò8”¢¥Á°12”¢¥Á
12”¢¥Á,,°Ò12”¢¥Á
12”¢¥Á,,°Ò12”¢¥Á
12”¢¥Á,,°Ò12”¢¥Á
12”¢¥Á,,°Ò12”¢¥Á
8”¢¥Á,,°Ò8”¢¥Á
8”¢¥Á,,°Ò8”¢¥Á
8”¢¥Á”¢¥Á,9.2”¢¥Á9.2”¢¥Á,°Ò8”¢¥Á°9.2”¢¥Á
8”¢¥Á,,°Ò8”¢¥Á
8”¢¥Á”¢¥Á,9.2”¢¥Á9.2”¢¥Á,°Ò8”¢¥Á°9.2”¢¥Á
8”¢¥Á”¢¥Á,9.2”¢¥Á9.2”¢¥Á,°Ò8”¢¥Á°9.2”¢¥Á
9.2”¢¥Á,,°Ò9.2”¢¥Á
8”¢¥Á”¢¥Á,9.2”¢¥Á9.2”¢¥Á,°Ò8”¢¥Á°9.2”¢¥Á
8”¢¥Á”¢¥Á,9.2”¢¥Á9.2”¢¥Á,°Ò8”¢¥Á°9.2”¢¥Á
8”¢¥Á”¢¥Á,9.2”¢¥Á9.2”¢¥Á,°Ò8”¢¥Á°9.2”¢¥Á
9.2”¢¥Á,,°Ò9.2”¢¥Á
12”¢¥Á,,°Ò12”¢¥Á
0None”¢¥Á,,0
0None”¢¥Á,,0
6.5”¢¥Á,,°Ò6.5”¢¥Á
6.5”¢¥Á,,°Ò6.5”¢¥Á
8”¢¥Á,,°Ò8”¢¥Á
8”¢¥Á”¢¥Á,9.2”¢¥Á9.2”¢¥Á,°Ò8”¢¥Á°9.2”¢¥Á
8”¢¥Á”¢¥Á,9.2”¢¥Á9.2”¢¥Á,°Ò8”¢¥Á°9.2”¢¥Á
8”¢¥Á”¢¥Á,9.2”¢¥Á9.2”¢¥Á,°Ò8”¢¥Á°9.2”¢¥Á
8”¢¥Á”¢¥Á,9.2”¢¥Á9.2”¢¥Á,°Ò8”¢¥Á°9.2”¢¥Á
9.2”¢¥Á,,°Ò9.2”¢¥Á
9.2”¢¥Á,,°Ò9.2”¢¥Á
9.2”¢¥Á,,°Ò9.2”¢¥Á
9.2”¢¥Á,,°Ò9.2”¢¥Á
9.2”¢¥Á,,°Ò9.2”¢¥Á
9.2”¢¥Á,,°Ò9.2”¢¥Á
8”¢¥Á,,°Ò8”¢¥Á
8”¢¥Á”¢¥Á,9.2”¢¥Á9.2”¢¥Á,°Ò8”¢¥Á°9.2”¢¥Á
8”¢¥Á”¢¥Á,9.2”¢¥Á9.2”¢¥Á,°Ò8”¢¥Á°9.2”¢¥Á
8”¢¥Á”¢¥Á,9.2”¢¥Á9.2”¢¥Á,°Ò8”¢¥Á°9.2”¢¥Á
8”¢¥Á”¢¥Á,9.2”¢¥Á9.2”¢¥Á,°Ò8”¢¥Á°9.2”¢¥Á
9.2”¢¥Á,,°Ò9.2”¢¥Á
9.2”¢¥Á,,°Ò9.2”¢¥Á
9.2”¢¥Á,,°Ò9.2”¢¥Á
9.2”¢¥Á,,°Ò9.2”¢¥Á
9.2”¢¥Á,,°Ò9.2”¢¥Á
9.2”¢¥Á,,°Ò9.2”¢¥Á
9.2”¢¥Á,,°Ò9.2”¢¥Á
9.2”¢¥Á,,°Ò9.2”¢¥Á
9.2”¢¥Á,,°Ò9.2”¢¥Á
9.2”¢¥Á,,°Ò9.2”¢¥Á
12”¢¥Á,,°Ò12”¢¥Á
12”¢¥Á,,°Ò12”¢¥Á
12”¢¥Á,,°Ò12”¢¥Á
12”¢¥Á,,°Ò12”¢¥Á
12”¢¥Á,,°Ò12”¢¥Á
12”¢¥Á,,°Ò12”¢¥Á
12”¢¥Á,,°Ò12”¢¥Á
0None”¢¥Á,,0
12”¢¥Á,,°Ò12”¢¥Á
9.2”¢¥Á,,°Ò9.2”¢¥Á
9.2”¢¥Á,,°Ò9.2”¢¥Á
12”¢¥Á,,°Ò12”¢¥Á
12”¢¥Á,,°Ò12”¢¥Á
12”¢¥Á,,°Ò12”¢¥Á
12”¢¥Á,,°Ò12”¢¥Á
8”¢¥Á,,°Ò8”¢¥Á
8”¢¥Á,,°Ò8”¢¥Á
9.2”¢¥Á,,°Ò9.2”¢¥Á
9.2”¢¥Á,,°Ò9.2”¢¥Á
9.2”¢¥Á,,°Ò9.2”¢¥Á
9.2”¢¥Á,,°Ò9.2”¢¥Á
9.2”¢¥Á,,°Ò9.2”¢¥Á
9.2”¢¥Á,,°Ò9.2”¢¥Á
9.2”¢¥Á,,°Ò9.2”¢¥Á
12”¢¥Á,,°Ò12”¢¥Á
12”¢¥Á,,°Ò12”¢¥Á
12”¢¥Á,,°Ò12”¢¥Á
12”¢¥Á,,°Ò12”¢¥Á
12”¢¥Á,,°Ò12”¢¥Á
12”¢¥Á,,°Ò12”¢¥Á
12”¢¥Á,,°Ò12”¢¥Á
12”¢¥Á,,°Ò12”¢¥Á
12”¢¥Á,,°Ò12”¢¥Á
12”¢¥Á,,°Ò12”¢¥Á
12”¢¥Á,,°Ò12”¢¥Á
12”¢¥Á,,°Ò12”¢¥Á
12”¢¥Á,,°Ò12”¢¥Á
12”¢¥Á,,°Ò12”¢¥Á
12”¢¥Á,,°Ò12”¢¥Á
12”¢¥Á,,°Ò12”¢¥Á
8”¢¥Á,,°Ò8”¢¥Á
8”¢¥Á”¢¥Á,12”¢¥Á12”¢¥Á,°Ò8”¢¥Á°12”¢¥Á
12”¢¥Á,,°Ò12”¢¥Á
12”¢¥Á,,°Ò12”¢¥Á
8”¢¥Á”¢¥Á,12”¢¥Á12”¢¥Á,°Ò8”¢¥Á°12”¢¥Á
8”¢¥Á”¢¥Á,12”¢¥Á12”¢¥Á,°Ò8”¢¥Á°12”¢¥Á
8”¢¥Á”¢¥Á,12”¢¥Á12”¢¥Á,°Ò8”¢¥Á°12”¢¥Á
12”¢¥Á,,°Ò12”¢¥Á
12”¢¥Á,,°Ò12”¢¥Á
0None”¢¥Á,,0
0None”¢¥Á,,0
”¢¥Á,8”¢¥Á8”¢¥Á,°8”¢¥Á
”¢¥Á,8”¢¥Á8”¢¥Á,°8”¢¥Á
0None”¢¥Á,,0
,,0
,,0
,,0
,,0
9.2”¢¥Á,,°Ò9.2”¢¥Á
9.2”¢¥Á,,°Ò9.2”¢¥Á
9.2”¢¥Á,,°Ò9.2”¢¥Á
9.2”¢¥Á,,°Ò9.2”¢¥Á
9.2”¢¥Á,,°Ò9.2”¢¥Á
9.2”¢¥Á,,°Ò9.2”¢¥Á
8”¢¥Á”¢¥Á,9.2”¢¥Á9.2”¢¥Á,°Ò8”¢¥Á°9.2”¢¥Á
8”¢¥Á”¢¥Á,9.2”¢¥Á9.2”¢¥Á,°Ò8”¢¥Á°9.2”¢¥Á
8”¢¥Á”¢¥Á,9.2”¢¥Á9.2”¢¥Á,°Ò8”¢¥Á°9.2”¢¥Á
9.2”¢¥Á,,°Ò9.2”¢¥Á
9.2”¢¥Á,,°Ò9.2”¢¥Á
8”¢¥Á”¢¥Á,9.2”¢¥Á9.2”¢¥Á,°Ò8”¢¥Á°9.2”¢¥Á
8”¢¥Á”¢¥Á,9.2”¢¥Á9.2”¢¥Á,°Ò8”¢¥Á°9.2”¢¥Á
8”¢¥Á”¢¥Á,9.2”¢¥Á9.2”¢¥Á,°Ò8”¢¥Á°9.2”¢¥Á
9.2”¢¥Á,,°Ò9.2”¢¥Á
9.2”¢¥Á,,°Ò9.2”¢¥Á
9.2”¢¥Á,,°Ò9.2”¢¥Á
9.2”¢¥Á,,°Ò9.2”¢¥Á
9.2”¢¥Á,,°Ò9.2”¢¥Á
9.2”¢¥Á,,°Ò9.2”¢¥Á
9.2”¢¥Á,,°Ò9.2”¢¥Á
9.2”¢¥Á,,°Ò9.2”¢¥Á
8”¢¥Á,,°Ò8”¢¥Á
8”¢¥Á,,°Ò8”¢¥Á
8”¢¥Á,,°Ò8”¢¥Á
8”¢¥Á,,°Ò8”¢¥Á
8”¢¥Á,,°Ò8”¢¥Á
8”¢¥Á,,°Ò8”¢¥Á
8”¢¥Á,,°Ò8”¢¥Á
8”¢¥Á”¢¥Á,12”¢¥Á12”¢¥Á,°Ò8”¢¥Á°12”¢¥Á
12”¢¥Á,,°Ò12”¢¥Á
12”¢¥Á,,°Ò12”¢¥Á
12”¢¥Á,,°Ò12”¢¥Á
8”¢¥Á,,°Ò8”¢¥Á
8”¢¥Á,,°Ò8”¢¥Á
9.2”¢¥Á,,°Ò9.2”¢¥Á
9.2”¢¥Á,,°Ò9.2”¢¥Á
9.2”¢¥Á,,°Ò9.2”¢¥Á
9.2”¢¥Á,,°Ò9.2”¢¥Á
9.2”¢¥Á,,°Ò9.2”¢¥Á
12”¢¥Á,,°Ò12”¢¥Á
12”¢¥Á,,°Ò12”¢¥Á
12”¢¥Á,,°Ò12”¢¥Á
12”¢¥Á,,°Ò12”¢¥Á
12”¢¥Á,,°Ò12”¢¥Á
12”¢¥Á,,°Ò12”¢¥Á
12”¢¥Á,,°Ò12”¢¥Á
12”¢¥Á,,°Ò12”¢¥Á
12”¢¥Á,,°Ò12”¢¥Á
12”¢¥Á,,°Ò12”¢¥Á
12”¢¥Á,,°Ò12”¢¥Á
12”¢¥Á,,°Ò12”¢¥Á
12”¢¥Á,,°Ò12”¢¥Á
12”¢¥Á,,°Ò12”¢¥Á
12”¢¥Á,,°Ò12”¢¥Á
12”¢¥Á,,°Ò12”¢¥Á
12”¢¥Á,,°Ò12”¢¥Á
12”¢¥Á,,°Ò12”¢¥Á
12”¢¥Á,,°Ò12”¢¥Á
12”¢¥Á,,°Ò12”¢¥Á
12”¢¥Á,,°Ò12”¢¥Á
12”¢¥Á,,°Ò12”¢¥Á
12”¢¥Á,,°Ò12”¢¥Á
12”¢¥Á,,°Ò12”¢¥Á
12”¢¥Á,,°Ò12”¢¥Á
12”¢¥Á,,°Ò12”¢¥Á
12”¢¥Á,,°Ò12”¢¥Á
12”¢¥Á,,°Ò12”¢¥Á
8”¢¥Á,,°Ò8”¢¥Á
12”¢¥Á,,°Ò12”¢¥Á
12”¢¥Á,,°Ò12”¢¥Á
12”¢¥Á,,°Ò12”¢¥Á
12”¢¥Á,,°Ò12”¢¥Á
12”¢¥Á,,°Ò12”¢¥Á
8”¢¥Á,,°Ò8”¢¥Á
12”¢¥Á,,°Ò12”¢¥Á
12”¢¥Á,,°Ò12”¢¥Á
12”¢¥Á,,°Ò12”¢¥Á
12”¢¥Á,,°Ò12”¢¥Á
12”¢¥Á,,°Ò12”¢¥Á
0None”¢¥Á,,0
12”¢¥Á,,°Ò12”¢¥Á
12”¢¥Á,,°Ò12”¢¥Á
12”¢¥Á,,°Ò12”¢¥Á
12”¢¥Á,,°Ò12”¢¥Á
12”¢¥Á,,°Ò12”¢¥Á
12”¢¥Á,,°Ò12”¢¥Á
12”¢¥Á,,°Ò12”¢¥Á
12”¢¥Á,,°Ò12”¢¥Á
12”¢¥Á,,°Ò12”¢¥Á
12”¢¥Á,,°Ò12”¢¥Á
8”¢¥Á,,°Ò8”¢¥Á
8”¢¥Á,,°Ò8”¢¥Á
9.2”¢¥Á,,°Ò9.2”¢¥Á
9.2”¢¥Á,,°Ò9.2”¢¥Á
9.2”¢¥Á,,°Ò9.2”¢¥Á
0None”¢¥Á,,0
15”¢¥Á,,°Ò15”¢¥Á
15”¢¥Á,,°Ò15”¢¥Á
9.2”¢¥Á,,°Ò9.2”¢¥Á
15”¢¥Á,,°Ò15”¢¥Á
15”¢¥Á,,°Ò15”¢¥Á
15”¢¥Á,,°Ò15”¢¥Á
15”¢¥Á,,°Ò15”¢¥Á
15”¢¥Á,,°Ò15”¢¥Á
8”¢¥Á,,°Ò8”¢¥Á
8”¢¥Á,,°Ò8”¢¥Á
12”¢¥Á,,°Ò12”¢¥Á
12”¢¥Á,,°Ò12”¢¥Á
12”¢¥Á,,°Ò12”¢¥Á
12”¢¥Á,,°Ò12”¢¥Á
12”¢¥Á,,°Ò12”¢¥Á
12”¢¥Á,,°Ò12”¢¥Á
12”¢¥Á,,°Ò12”¢¥Á
10”¢¥Á,,°Ò10”¢¥Á
10”¢¥Á,,°Ò10”¢¥Á
10”¢¥Á,,°Ò10”¢¥Á
8.25”¢¥Á,,°Ò8.25”¢¥Á
8.25”¢¥Á,10”¢¥Á8.25”¢¥Á10”¢¥Á,°10”¢¥Á°Ò8.25”¢¥Á
8.25”¢¥Á,10”¢¥Á8.25”¢¥Á10”¢¥Á,°10”¢¥Á°Ò8.25”¢¥Á
10”¢¥Á,,°Ò10”¢¥Á
10”¢¥Á,,°Ò10”¢¥Á
10”¢¥Á,,°Ò10”¢¥Á
10”¢¥Á,,°Ò10”¢¥Á
10”¢¥Á,,°Ò10”¢¥Á
